F3681	c	1.604866000000000
f3682	G	1.602246000000000
Y660	C	1.598781000000000
CTS12055	G	1.590837000000000
CTS12056	C	1.590814000000000
CTS12057	g	1.590770000000000
cts12058	c	1.590770000000000
CTS12059	t	1.590755000000000
CTS12060	T	1.590750000000000
CTS12061	G	1.590742000000000
CTS12062	c	1.590742000000000
cts12063	A	1.590718000000000
Z49	G	1.590692000000000
L1163	t	1.590685000000000
CTS12064	C	1.590671000000000
CTS12065	A	1.590668000000000
PF2011	C	1.590667000000000
CTS12066	c	1.590630000000000
CTS12067	G	1.590614000000000
CTS12068	G	1.590596000000000
CTS12069	A	1.590583000000000
CTS12070	G	1.590581000000000
CTS12071	t	1.590578000000000
CTS12072	c	1.590564000000000
cts12073	t	1.590558000000000
CTS12074	a	1.590556000000000
CTS12075	T	1.590531000000000
CTS12076	a	1.590514000000000
CTS12077	C	1.590507000000000
CTS12078	T	1.590494000000000
CTS12079	C	1.590463000000000
CTS12080	T	1.590461000000000
CTS12081	T	1.590459000000000
CTS12082	C	1.590457000000000
CTS12083	g	1.590447000000000
CTS12084	t	1.590440000000000
CTS12085	T	1.590438000000000
pf7386	g	1.590436000000000
pf5986	a	1.590431000000000
CTS12086	A	1.590425000000000
CTS12087	a	1.590422000000000
cts12088	C	1.590420000000000
Z2205	g	1.590406000000000
pf1308	t	1.590397000000000
CTS12089	g	1.590392000000000
cts12090	A	1.590380000000000
cts12091	t	1.590373000000000
CTS12092	G	1.590373000000000
CTS12093	C	1.590364000000000
pf1309	C	1.590318000000000
Y1266	C	1.590306000000000
pf1310	G	1.590306000000000
CTS12094	c	1.590303000000000
pf4081	T	1.590293000000000
CTS12095	C	1.590288000000000
cts12096	A	1.590287000000000
cts12097	g	1.590283000000000
CTS12098	G	1.590273000000000
CTS12099	A	1.590272000000000
Z371	a	1.590250000000000
CTS12100	A	1.590233000000000
CTS12101	t	1.590159000000000
CTS12102	c	1.590134000000000
CTS12103	T	1.590131000000000
CTS12104	C	1.590130000000000
CTS12105	A	1.590130000000000
CTS12106	T	1.590126000000000
CTS12107	C	1.590114000000000
CTS12108	A	1.590105000000000
CTS12109	G	1.590098000000000
CTS12110	T	1.590081000000000
CTS12111	g	1.590071000000000
cts12112	t	1.590056000000000
CTS12113	T	1.590054000000000
CTS12114	g	1.590045000000000
CTS12115	C	1.590043000000000
CTS12116	T	1.590034000000000
PF7112	a	1.590028000000000
CTS12117	T	1.590026000000000
cts12118	G	1.590022000000000
CTS12119	c	1.590020000000000
CTS12120	C	1.590011000000000
CTS12121	G	1.590011000000000
CTS12122	G	1.590004000000000
CTS12123	C	1.589989000000000
CTS12124	T	1.589987000000000
CTS12125	g	1.589986000000000
CTS12126	A	1.589970000000000
CTS12127	T	1.589925000000000
cts12128	G	1.589925000000000
CTS12129	g	1.589897000000000
CTS12130	C	1.589891000000000
cts12131	C	1.589860000000000
CTS12132	G	1.589851000000000
CTS12133	g	1.589831000000000
CTS12134	T	1.589824000000000
CTS12136	c	1.589796000000000
CTS12137	G	1.589776000000000
CTS12138	G	1.589760000000000
Y1130	G	1.589757000000000
CTS12139	t	1.589740000000000
CTS12140	a	1.589708000000000
cts12141	c	1.589697000000000
CTS12142	c	1.589689000000000
cts12143	g	1.589686000000000
CTS12144	A	1.589676000000000
cts12145	a	1.589670000000000
cts12146	C	1.589651000000000
cts12147	G	1.589629000000000
y1131	G	1.589615000000000
CTS12148	A	1.589614000000000
CTS12149	g	1.589599000000000
CTS12150	A	1.589598000000000
cts12151	G	1.589592000000000
CTS12152	G	1.589577000000000
CTS12153	A	1.589550000000000
CTS12154	g	1.589545000000000
CTS12155	G	1.589528000000000
cts12156	a	1.589511000000000
CTS12157	C	1.589503000000000
CTS12158	t	1.589502000000000
CTS12159	A	1.589501000000000
CTS12160	t	1.589495000000000
CTS12162	T	1.589481000000000
CTS12163	g	1.589478000000000
cts12164	G	1.589446000000000
CTS12165	c	1.589425000000000
CTS12166	T	1.589422000000000
CTS12167	A	1.589412000000000
CTS12168	C	1.589393000000000
pf1311	C	1.589389000000000
CTS12169	A	1.589376000000000
CTS12171	C	1.589366000000000
CTS12172	G	1.589353000000000
CTS12173	C	1.589334000000000
CTS12174	C	1.589331000000000
CTS12175	T	1.589316000000000
CTS12176	T	1.589313000000000
Z352	A	1.589312000000000
PF1312	c	1.589291000000000
CTS12177	C	1.589248000000000
CTS12178	G	1.589241000000000
CTS12179	C	1.589239000000000
CTS12180	a	1.589238000000000
cts12181	G	1.589230000000000
PF1313	t	1.589227000000000
PF7380	T	1.589224000000000
cts12182	T	1.589177000000000
CTS12183	c	1.589164000000000
CTS12185	a	1.589149000000000
CTS12186	G	1.589124000000000
CTS12187	G	1.589094000000000
CTS12188	G	1.589070000000000
CTS12189	G	1.589055000000000
CTS12190	g	1.589027000000000
CTS12191	C	1.589007000000000
CTS12192	G	1.589001000000000
CTS12193	C	1.589000000000000
PF4375	A	1.588990000000000
CTS12195	T	1.588981000000000
CTS12196	T	1.588979000000000
cts12197	c	1.588977000000000
CTS12198	T	1.588966000000000
CTS12199	G	1.588951000000000
cts12200	G	1.588937000000000
CTS12201	t	1.588933000000000
Y661	T	1.588928000000000
CTS12202	C	1.588911000000000
CTS12203	a	1.588884000000000
cts12204	G	1.588880000000000
CTS12205	a	1.588853000000000
CTS12206	A	1.588844000000000
CTS12207	G	1.588835000000000
CTS12208	c	1.588816000000000
CTS12209	C	1.588789000000000
CTS12210	g	1.588760000000000
cts12211	c	1.588757000000000
Z2393	T	1.588755000000000
CTS12212	g	1.588729000000000
CTS12213	c	1.588723000000000
CTS12214	a	1.588717000000000
CTS12215	G	1.588712000000000
CTS12216	A	1.588705000000000
z13	c	1.588703000000000
CTS12217	a	1.588701000000000
CTS12218	G	1.588677000000000
pf2415	T	1.588663000000000
k33	t	1.588662000000000
CTS12219	C	1.588644000000000
CTS12220	a	1.588630000000000
PF4362	c	1.588598000000000
CTS12221	T	1.588587000000000
CTS12222	t	1.588587000000000
CTS12223	G	1.588571000000000
CTS12224	T	1.588563000000000
CTS12225	g	1.588543000000000
CTS12226	c	1.588516000000000
cts12227	t	1.588512000000000
CTS12228	t	1.588511000000000
CTS12229	c	1.588509000000000
PF1315	A	1.588501000000000
CTS12230	T	1.588496000000000
CTS12231	g	1.588460000000000
PF7425	t	1.588367000000000
CTS12232	A	1.588360000000000
CTS12233	c	1.588358000000000
cts12234	G	1.588356000000000
CTS12235	G	1.588353000000000
CTS12236	t	1.588347000000000
CTS12238	G	1.588333000000000
CTS12239	c	1.588329000000000
PF6913	G	1.588328000000000
CTS12240	c	1.588315000000000
CTS12241	C	1.588294000000000
CTS12242	c	1.588292000000000
CTS12243	c	1.588281000000000
pf5063	G	1.588270000000000
CTS12244	G	1.588240000000000
CTS12245	t	1.588217000000000
Y850	c	1.588213000000000
y795	C	1.588194000000000
pf3937	c	1.588188000000000
PF4992	t	1.588185000000000
CTS12246	g	1.588167000000000
CTS12247	T	1.588106000000000
CTS12248	T	1.588106000000000
Z186	A	1.588028000000000
CTS12249	c	1.587996000000000
CTS12250	t	1.587995000000000
CTS12251	c	1.587987000000000
CTS12252	C	1.587980000000000
cts12253	A	1.587980000000000
CTS12254	T	1.587975000000000
CTS12255	C	1.587971000000000
CTS12256	G	1.587970000000000
CTS12257	A	1.587967000000000
CTS12258	A	1.587958000000000
CTS12259	A	1.587952000000000
cts12260	G	1.587947000000000
CTS12261	g	1.587946000000000
CTS12262	g	1.587945000000000
cts12263	T	1.587940000000000
CTS12264	g	1.587920000000000
CTS12265	C	1.587916000000000
cts12266	T	1.587916000000000
CTS12267	G	1.587903000000000
CTS12268	A	1.587903000000000
CTS12269	g	1.587903000000000
CTS12270	C	1.587893000000000
cts12271	c	1.587885000000000
Y1132	A	1.587856000000000
CTS12272	G	1.587821000000000
CTS12273	C	1.587821000000000
cts12274	c	1.587815000000000
CTS12275	C	1.587795000000000
CTS12276	g	1.587764000000000
y689	a	1.587758000000000
cts12277	G	1.587740000000000
cts12278	a	1.587728000000000
CTS12279	g	1.587702000000000
CTS12280	A	1.587697000000000
CTS12281	C	1.587688000000000
CTS12282	C	1.587673000000000
CTS12283	t	1.587642000000000
CTS12284	G	1.587633000000000
PF5164	G	1.587618000000000
CTS12285	g	1.587615000000000
CTS12286	c	1.587600000000000
PF2297	g	1.587600000000000
PF7642	A	1.587594000000000
PF4414	C	1.587560000000000
CTS12287	c	1.587494000000000
CTS12288	t	1.587489000000000
CTS12289	C	1.587489000000000
CTS12290	A	1.587478000000000
cts12291	t	1.587459000000000
CTS12292	c	1.587407000000000
CTS12293	G	1.587391000000000
CTS12294	a	1.587379000000000
CTS12295	t	1.587374000000000
CTS12296	t	1.587364000000000
CTS12297	T	1.587360000000000
CTS12298	A	1.587359000000000
CTS12299	c	1.587348000000000
cts12300	T	1.587345000000000
CTS12301	G	1.587344000000000
CTS12302	A	1.587340000000000
cts12303	c	1.587329000000000
CTS12304	G	1.587325000000000
CTS12305	G	1.587299000000000
CTS12306	C	1.587298000000000
CTS12307	g	1.587296000000000
Z2260	C	1.587289000000000
CTS12308	c	1.587274000000000
cts12309	A	1.587273000000000
CTS12310	G	1.587266000000000
cts12311	A	1.587263000000000
CTS12312	C	1.587259000000000
CTS12313	a	1.587250000000000
cts12314	A	1.587238000000000
CTS12315	C	1.587237000000000
cts12316	G	1.587231000000000
CTS12317	T	1.587226000000000
CTS12318	C	1.587220000000000
CTS12319	T	1.587217000000000
CTS12320	T	1.587207000000000
cts12321	T	1.587200000000000
CTS12322	G	1.587181000000000
cts12323	G	1.587178000000000
CTS12324	G	1.587176000000000
CTS12325	A	1.587169000000000
CTS12326	A	1.587160000000000
PF1316	A	1.587135000000000
CTS12327	A	1.587110000000000
CTS12328	T	1.587105000000000
cts12329	C	1.587105000000000
CTS12330	T	1.587088000000000
cts12331	C	1.587086000000000
CTS12332	a	1.587083000000000
CTS12333	G	1.587083000000000
CTS12334	t	1.587079000000000
CTS12335	a	1.587078000000000
PF2013	c	1.587066000000000
CTS12336	T	1.587062000000000
CTS12337	A	1.587051000000000
CTS12338	a	1.587049000000000
PF6824	C	1.587039000000000
CTS12339	A	1.587038000000000
CTS12340	G	1.587037000000000
CTS12341	T	1.587036000000000
CTS12342	C	1.587033000000000
CTS12343	A	1.587033000000000
CTS12344	C	1.587030000000000
CTS12345	T	1.587030000000000
CTS12346	G	1.587026000000000
CTS12347	T	1.587023000000000
CTS12348	t	1.587022000000000
CTS12349	G	1.587013000000000
CTS12350	t	1.587013000000000
CTS12351	G	1.587006000000000
CTS12352	T	1.587004000000000
CTS12353	t	1.587003000000000
CTS12354	G	1.587001000000000
cts12355	G	1.587000000000000
CTS12356	c	1.586998000000000
CTS12357	G	1.586997000000000
CTS12358	G	1.586997000000000
CTS12359	C	1.586984000000000
CTS12360	G	1.586984000000000
PF1318	c	1.586975000000000
CTS12361	A	1.586972000000000
cts12362	a	1.586967000000000
CTS12363	A	1.586949000000000
cts12364	A	1.586949000000000
CTS12365	A	1.586947000000000
CTS12366	g	1.586947000000000
CTS12367	A	1.586947000000000
cts12368	G	1.586944000000000
CTS12369	T	1.586943000000000
CTS12370	T	1.586938000000000
CTS12371	A	1.586937000000000
CTS12372	g	1.586933000000000
CTS12373	t	1.586933000000000
CTS12374	A	1.586931000000000
CTS12375	A	1.586931000000000
CTS12376	C	1.586930000000000
cts12377	c	1.586929000000000
CTS12378	C	1.586929000000000
CTS12379	T	1.586928000000000
CTS12380	c	1.586923000000000
CTS12381	G	1.586922000000000
CTS12382	c	1.586922000000000
cts12383	g	1.586918000000000
CTS12384	G	1.586918000000000
CTS12385	t	1.586917000000000
CTS12386	G	1.586917000000000
CTS12387	G	1.586915000000000
CTS12388	T	1.586914000000000
CTS12389	T	1.586911000000000
CTS12390	a	1.586899000000000
CTS12391	A	1.586899000000000
cts12392	G	1.586898000000000
CTS12393	A	1.586897000000000
CTS12394	T	1.586895000000000
CTS12395	C	1.586895000000000
CTS12396	t	1.586894000000000
CTS12397	c	1.586894000000000
cts12398	g	1.586888000000000
CTS12399	G	1.586887000000000
CTS12400	T	1.586886000000000
CTS12401	a	1.586881000000000
CTS12402	T	1.586873000000000
CTS12403	T	1.586866000000000
CTS12404	t	1.586865000000000
cts12405	G	1.586863000000000
CTS12406	C	1.586862000000000
CTS12407	G	1.586862000000000
CTS12408	T	1.586862000000000
CTS12409	G	1.586861000000000
cts12410	g	1.586861000000000
cts12411	g	1.586860000000000
CTS12412	c	1.586860000000000
CTS12413	T	1.586854000000000
cts12414	A	1.586852000000000
CTS12415	T	1.586852000000000
CTS12416	C	1.586850000000000
CTS12417	T	1.586849000000000
CTS12418	t	1.586849000000000
CTS12419	A	1.586845000000000
CTS12420	t	1.586842000000000
CTS12421	A	1.586842000000000
cts12422	G	1.586842000000000
PF1322	A	1.586841000000000
PF1402	T	1.586841000000000
CTS12423	G	1.586840000000000
cts12424	C	1.586834000000000
CTS12425	g	1.586833000000000
CTS12426	T	1.586833000000000
cts12427	C	1.586828000000000
CTS12428	a	1.586828000000000
CTS12429	g	1.586828000000000
CTS12430	g	1.586825000000000
CTS12431	T	1.586824000000000
CTS12432	T	1.586823000000000
CTS12433	A	1.586821000000000
CTS12434	A	1.586821000000000
CTS12435	A	1.586821000000000
CTS12436	A	1.586819000000000
CTS12437	c	1.586815000000000
cts12438	A	1.586810000000000
CTS12439	t	1.586810000000000
CTS12440	T	1.586807000000000
CTS12441	A	1.586807000000000
cts12442	C	1.586805000000000
CTS12443	G	1.586805000000000
CTS12444	T	1.586804000000000
pf1325	c	1.586802000000000
CTS12445	t	1.586801000000000
CTS12446	a	1.586801000000000
cts12447	A	1.586800000000000
CTS12448	C	1.586800000000000
CTS12451	g	1.586797000000000
CTS12452	T	1.586797000000000
CTS12453	T	1.586796000000000
cts12454	t	1.586796000000000
CTS12455	C	1.586796000000000
cts12456	T	1.586796000000000
CTS12457	G	1.586795000000000
cts12458	C	1.586794000000000
CTS12459	C	1.586794000000000
CTS12460	G	1.586791000000000
CTS12461	G	1.586790000000000
CTS12462	a	1.586790000000000
cts12463	A	1.586788000000000
CTS12464	g	1.586787000000000
CTS12465	G	1.586781000000000
PF1326	G	1.586780000000000
pf1327	A	1.586780000000000
CTS12466	G	1.586774000000000
CTS12467	t	1.586768000000000
CTS12468	A	1.586767000000000
CTS12469	C	1.586766000000000
CTS12470	t	1.586765000000000
CTS12471	G	1.586763000000000
CTS12472	g	1.586760000000000
cts12474	a	1.586758000000000
cts12475	C	1.586746000000000
CTS12476	a	1.586742000000000
CTS12477	c	1.586723000000000
CTS12478	A	1.586720000000000
PF2014	C	1.586720000000000
Z2206	T	1.586719000000000
PF3938	G	1.586649000000000
CTS12479	c	1.586644000000000
cts12480	g	1.586639000000000
cts12481	g	1.586635000000000
CTS12482	C	1.586630000000000
CTS12483	g	1.586627000000000
CTS12484	T	1.586619000000000
cts12485	C	1.586609000000000
PF4322	T	1.586606000000000
CTS12486	C	1.586600000000000
CTS12487	G	1.586594000000000
CTS12488	t	1.586593000000000
cts12489	C	1.586590000000000
CTS12490	G	1.586578000000000
cts12491	C	1.586563000000000
CTS12492	a	1.586563000000000
cts12493	C	1.586561000000000
CTS12494	a	1.586561000000000
cts12495	T	1.586555000000000
CTS12496	c	1.586555000000000
PF3327	g	1.586546000000000
CTS12497	G	1.586534000000000
CTS12498	t	1.586533000000000
CTS12499	G	1.586530000000000
CTS12500	G	1.586523000000000
CTS12501	C	1.586501000000000
cts12502	C	1.586497000000000
CTS12503	C	1.586473000000000
cts12504	G	1.586465000000000
CTS12505	C	1.586463000000000
cts12506	C	1.586460000000000
CTS12507	g	1.586459000000000
cts12508	T	1.586456000000000
CTS12509	T	1.586455000000000
CTS12510	a	1.586448000000000
cts12511	A	1.586448000000000
CTS12512	a	1.586419000000000
CTS12513	T	1.586399000000000
CTS12514	a	1.586399000000000
CTS12515	A	1.586398000000000
CTS12516	C	1.586397000000000
CTS12517	A	1.586396000000000
CTS12518	A	1.586393000000000
CTS12519	t	1.586392000000000
PF1927	A	1.586391000000000
cts12520	C	1.586389000000000
CTS12521	G	1.586383000000000
CTS12522	G	1.586377000000000
CTS12523	G	1.586370000000000
cts12524	A	1.586360000000000
CTS12525	G	1.586346000000000
CTS12526	t	1.586344000000000
cts12527	G	1.586337000000000
cts12528	G	1.586330000000000
CTS12529	T	1.586327000000000
CTS12530	G	1.586322000000000
CTS12531	A	1.586315000000000
CTS12532	A	1.586314000000000
cts12533	g	1.586309000000000
CTS12534	g	1.586309000000000
CTS12535	a	1.586307000000000
CTS12536	g	1.586307000000000
CTS12537	T	1.586302000000000
CTS12538	A	1.586297000000000
CTS12539	A	1.586293000000000
CTS12540	T	1.586287000000000
cts12541	T	1.586287000000000
CTS12542	A	1.586285000000000
cts12543	C	1.586284000000000
CTS12544	G	1.586282000000000
CTS12545	G	1.586277000000000
CTS12546	C	1.586228000000000
CTS12547	g	1.586222000000000
cts12548	c	1.586220000000000
PF5844	c	1.586211000000000
CTS12549	a	1.586182000000000
CTS12550	g	1.586175000000000
CTS12551	t	1.586166000000000
cts12552	A	1.586155000000000
CTS12553	G	1.586123000000000
cts12554	t	1.586120000000000
CTS12555	g	1.586108000000000
CTS12556	C	1.586089000000000
CTS12557	a	1.586059000000000
CTS12558	C	1.586045000000000
L471	G	1.586042000000000
L982	C	1.586038000000000
cts12559	G	1.586033000000000
pf1929	G	1.586024000000000
CTS12560	G	1.586022000000000
PF6345	T	1.586011000000000
CTS12561	G	1.586010000000000
CTS12562	A	1.586009000000000
Z256	G	1.586007000000000
CTS12563	G	1.586006000000000
CTS12564	T	1.586000000000000
Y851	A	1.585958000000000
CTS12565	c	1.585940000000000
CTS12566	g	1.585922000000000
CTS12567	G	1.585914000000000
cts12568	T	1.585911000000000
cts12569	G	1.585898000000000
CTS12570	C	1.585897000000000
CTS12571	C	1.585890000000000
CTS12572	C	1.585890000000000
cts12573	A	1.585886000000000
CTS12574	c	1.585799000000000
CTS12575	g	1.585799000000000
PR7592	c	1.585776000000000
pr7593	c	1.585776000000000
pr4040	g	1.585775000000000
pr4041	g	1.585774000000000
PR4042	A	1.585774000000000
PR4043	A	1.585774000000000
PR4044	t	1.585773000000000
PR4045	C	1.585773000000000
PR4046	a	1.585773000000000
PR4047	C	1.585773000000000
PR4048	C	1.585771000000000
YSC0000029	G	1.585771000000000
PR4049	t	1.585768000000000
PR4050	G	1.585767000000000
CTS12576	C	1.585766000000000
CTS12577	T	1.585765000000000
PR4051	t	1.585764000000000
PR4052	a	1.585763000000000
PR4053	A	1.585763000000000
PR4054	C	1.585761000000000
PR4055	a	1.585760000000000
PR4056	a	1.585760000000000
CTS12578	C	1.585723000000000
CTS12579	C	1.585719000000000
CTS12580	c	1.585707000000000
CTS12581	t	1.585659000000000
CTS12582	t	1.585629000000000
Y669	C	1.585627000000000
CTS12584	T	1.585619000000000
CTS12585	g	1.585601000000000
CTS12586	T	1.585596000000000
PF2089	G	1.585580000000000
cts12587	c	1.585579000000000
CTS12588	G	1.585568000000000
CTS12589	T	1.585546000000000
CTS12590	G	1.585526000000000
CTS12591	C	1.585509000000000
CTS12592	C	1.585508000000000
CTS12593	T	1.585498000000000
CTS12594	A	1.585479000000000
CTS12595	G	1.585476000000000
cts12596	A	1.585446000000000
Z290	g	1.585424000000000
cts12597	g	1.585423000000000
L1366	C	1.585423000000000
CTS12598	C	1.585419000000000
CTS12599	g	1.585418000000000
CTS12600	C	1.585413000000000
CTS12601	G	1.585381000000000
CTS12602	a	1.585362000000000
CTS12603	G	1.585350000000000
CTS12604	A	1.585320000000000
CTS12605	a	1.585316000000000
Y1267	C	1.585308000000000
CTS12606	A	1.585302000000000
CTS12607	t	1.585293000000000
Z2261	a	1.585290000000000
CTS12608	C	1.585287000000000
CTS12609	a	1.585277000000000
cts12610	A	1.585248000000000
Y778	T	1.585246000000000
Y871	G	1.585246000000000
CTS12611	g	1.585238000000000
CTS12612	t	1.585229000000000
CTS12613	G	1.585227000000000
PF4463	t	1.585218000000000
CTS12614	g	1.585179000000000
CTS12615	G	1.585163000000000
CTS12616	T	1.585156000000000
CTS12617	a	1.585144000000000
CTS12618	g	1.585142000000000
Y1133	t	1.585094000000000
CTS12619	a	1.585082000000000
CTS12620	c	1.585082000000000
CTS12621	g	1.585079000000000
CTS12622	a	1.585078000000000
CTS12623	A	1.585034000000000
CTS12624	C	1.585021000000000
CTS12625	a	1.584960000000000
CTS12626	C	1.584958000000000
CTS12627	c	1.584952000000000
CTS12628	C	1.584945000000000
Z2992	T	1.584943000000000
CTS12629	G	1.584928000000000
CTS12630	G	1.584907000000000
CTS12631	A	1.584894000000000
pf6781	G	1.584885000000000
CTS12632	G	1.584876000000000
CTS12633	A	1.584876000000000
CTS12634	A	1.584862000000000
CTS12635	c	1.584860000000000
CTS12636	C	1.584848000000000
CTS12637	T	1.584847000000000
CTS12638	C	1.584836000000000
PF3939	g	1.584827000000000
cts12639	T	1.584822000000000
CTS12640	C	1.584806000000000
CTS12641	C	1.584795000000000
CTS12642	T	1.584788000000000
cts12643	t	1.584776000000000
CTS12644	c	1.584771000000000
cts12645	T	1.584766000000000
CTS12646	G	1.584754000000000
CTS12647	T	1.584740000000000
PF7022	C	1.584727000000000
CTS12648	C	1.584719000000000
CTS12649	t	1.584703000000000
CTS12650	C	1.584696000000000
CTS12651	g	1.584671000000000
CTS12652	C	1.584659000000000
CTS12653	T	1.584643000000000
cts12654	G	1.584622000000000
CTS12655	A	1.584621000000000
CTS12656	A	1.584610000000000
PF7483	a	1.584608000000000
CTS12657	a	1.584601000000000
CTS12658	T	1.584594000000000
cts12659	C	1.584592000000000
CTS12660	A	1.584586000000000
PF1330	A	1.584577000000000
PF5064	C	1.584576000000000
CTS12661	A	1.584556000000000
CTS12662	A	1.584544000000000
CTS12663	t	1.584530000000000
CTS12664	a	1.584528000000000
cts12665	T	1.584523000000000
z243	C	1.584518000000000
cts12666	g	1.584513000000000
CTS12667	g	1.584506000000000
CTS12668	t	1.584501000000000
CTS12669	G	1.584499000000000
cts12670	G	1.584480000000000
CTS12671	c	1.584472000000000
CTS12672	a	1.584466000000000
CTS12673	T	1.584440000000000
CTS12674	T	1.584431000000000
CTS12675	t	1.584404000000000
CTS12676	C	1.584398000000000
cts12677	g	1.584396000000000
CTS12678	G	1.584395000000000
cts12679	g	1.584395000000000
CTS12680	A	1.584387000000000
CTS12681	A	1.584374000000000
pf5589	c	1.584360000000000
CTS12682	G	1.584310000000000
cts12683	C	1.584297000000000
CTS12685	T	1.584262000000000
CTS12686	c	1.584245000000000
CTS12687	C	1.584245000000000
CTS12688	c	1.584242000000000
CTS12689	t	1.584240000000000
CTS12690	A	1.584220000000000
CTS12691	C	1.584208000000000
CTS12692	t	1.584207000000000
CTS12693	T	1.584201000000000
cts12694	A	1.584188000000000
CTS12695	g	1.584168000000000
CTS12696	t	1.584165000000000
cts12697	a	1.584155000000000
CTS12698	c	1.584151000000000
CTS12699	A	1.584148000000000
cts12700	g	1.584148000000000
CTS12701	a	1.584143000000000
cts12702	a	1.584110000000000
CTS12703	t	1.584103000000000
CTS12704	A	1.584098000000000
CTS12705	G	1.584081000000000
zs192	c	1.584062000000000
CTS12707	a	1.584060000000000
cts12708	a	1.584053000000000
CTS12709	a	1.584051000000000
CTS12710	C	1.584036000000000
CTS12711	A	1.584030000000000
CTS12712	a	1.584015000000000
CTS12713	T	1.584012000000000
cts12714	G	1.583987000000000
cts12715	G	1.583953000000000
CTS12716	T	1.583951000000000
CTS12717	G	1.583943000000000
cts12718	C	1.583941000000000
CTS12719	T	1.583918000000000
CTS12720	G	1.583913000000000
cts12721	g	1.583908000000000
CTS12722	T	1.583875000000000
CTS12723	T	1.583859000000000
CTS12724	c	1.583849000000000
CTS12725	C	1.583848000000000
CTS12726	A	1.583845000000000
CTS12727	C	1.583837000000000
CTS12728	t	1.583833000000000
cts12729	g	1.583825000000000
CTS12730	G	1.583817000000000
CTS12731	A	1.583796000000000
CTS12732	A	1.583795000000000
cts12733	G	1.583776000000000
cts12734	c	1.583770000000000
CTS12735	A	1.583756000000000
CTS12736	T	1.583739000000000
CTS12737	a	1.583735000000000
CTS12738	G	1.583733000000000
cts12739	c	1.583719000000000
CTS12740	T	1.583718000000000
cts12741	T	1.583706000000000
CTS12742	g	1.583703000000000
CTS12743	A	1.583701000000000
CTS12744	T	1.583695000000000
CTS12745	C	1.583695000000000
cts12746	G	1.583694000000000
cts12747	t	1.583662000000000
CTS12748	G	1.583653000000000
Y1134	a	1.583651000000000
CTS12749	A	1.583634000000000
CTS12750	a	1.583603000000000
CTS12751	C	1.583597000000000
cts12752	A	1.583597000000000
CTS12753	t	1.583594000000000
CTS12754	a	1.583590000000000
CTS12755	C	1.583583000000000
cts12756	A	1.583577000000000
Y1135	C	1.583564000000000
pf1332	G	1.583554000000000
PF4129	C	1.583553000000000
cts12757	A	1.583550000000000
cts12758	A	1.583546000000000
CTS12759	T	1.583539000000000
CTS12760	T	1.583538000000000
cts12761	a	1.583464000000000
CTS12762	C	1.583463000000000
cts12763	C	1.583462000000000
CTS12764	A	1.583461000000000
CTS12765	A	1.583449000000000
PF1333	c	1.583443000000000
CTS12766	A	1.583442000000000
cts12767	C	1.583439000000000
CTS12768	C	1.583406000000000
CTS12769	A	1.583405000000000
CTS12770	a	1.583400000000000
CTS12771	A	1.583400000000000
CTS12772	g	1.583395000000000
CTS12773	g	1.583391000000000
cts12774	G	1.583368000000000
cts12775	T	1.583358000000000
CTS12776	C	1.583332000000000
PF3940	C	1.583328000000000
CTS12777	G	1.583315000000000
CTS12778	g	1.583302000000000
cts12779	T	1.583281000000000
CTS12780	c	1.583275000000000
CTS12781	a	1.583272000000000
cts12782	a	1.583269000000000
CTS12783	G	1.583268000000000
cts12784	c	1.583263000000000
CTS12785	C	1.583252000000000
CTS12786	C	1.583245000000000
CTS12787	g	1.583236000000000
CTS12788	G	1.583224000000000
cts12789	g	1.583218000000000
cts12790	g	1.583190000000000
cts12791	C	1.583188000000000
CTS12792	g	1.583183000000000
CTS12793	G	1.583177000000000
CTS12794	T	1.583168000000000
CTS12795	c	1.583154000000000
CTS12796	A	1.583130000000000
PF3283	G	1.583123000000000
cts12797	A	1.583121000000000
cts12798	G	1.583113000000000
CTS12799	A	1.583110000000000
K444	g	1.583109000000000
CTS12800	g	1.583105000000000
cts12801	t	1.583104000000000
CTS12802	c	1.583091000000000
CTS12803	A	1.583080000000000
CTS12804	c	1.583079000000000
cts12805	G	1.583079000000000
CTS12806	g	1.583077000000000
CTS12807	A	1.583077000000000
CTS12808	C	1.583065000000000
PF3227	A	1.583053000000000
CTS12809	T	1.583050000000000
CTS12810	G	1.583047000000000
CTS12811	C	1.583036000000000
CTS12812	c	1.583034000000000
CTS12813	t	1.583034000000000
cts12814	T	1.583031000000000
cts12815	g	1.583017000000000
cts12816	A	1.583008000000000
cts12817	A	1.583008000000000
CTS12818	G	1.582995000000000
CTS12819	T	1.582981000000000
CTS12820	g	1.582979000000000
CTS12821	A	1.582969000000000
CTS12822	G	1.582968000000000
CTS12823	C	1.582960000000000
CTS12824	T	1.582928000000000
CTS12825	a	1.582924000000000
CTS12826	T	1.582912000000000
CTS12827	A	1.582911000000000
CTS12828	G	1.582894000000000
cts12829	c	1.582866000000000
cts12830	c	1.582855000000000
CTS12831	C	1.582844000000000
cts12832	G	1.582844000000000
CTS12833	t	1.582841000000000
cts12834	g	1.582826000000000
CTS12835	C	1.582782000000000
cts12836	A	1.582769000000000
Z187	C	1.582765000000000
PF5144	T	1.582757000000000
CTS12837	g	1.582752000000000
CTS12838	c	1.582751000000000
PF4130	t	1.582749000000000
cts12839	T	1.582733000000000
CTS12840	c	1.582727000000000
CTS12841	G	1.582724000000000
cts12842	C	1.582700000000000
PF7065	A	1.582694000000000
CTS12843	g	1.582692000000000
cts12844	g	1.582684000000000
CTS12845	A	1.582681000000000
cts12846	G	1.582671000000000
CTS12847	C	1.582662000000000
YSC0000030	A	1.582654000000000
CTS12848	C	1.582653000000000
CTS12849	t	1.582651000000000
CTS12850	C	1.582640000000000
CTS12851	C	1.582637000000000
CTS12852	T	1.582637000000000
CTS12853	C	1.582632000000000
CTS12854	T	1.582630000000000
CTS12855	A	1.582611000000000
CTS12856	G	1.582609000000000
CTS12857	A	1.582603000000000
CTS12858	C	1.582602000000000
CTS12859	C	1.582584000000000
CTS12860	C	1.582580000000000
CTS12861	A	1.582573000000000
CTS12862	g	1.582531000000000
CTS12863	t	1.582529000000000
CTS12864	C	1.582517000000000
CTS12865	C	1.582497000000000
CTS12866	T	1.582474000000000
CTS12867	T	1.582461000000000
CTS12868	g	1.582455000000000
CTS12869	t	1.582454000000000
cts12870	G	1.582447000000000
CTS12871	G	1.582437000000000
CTS12872	G	1.582418000000000
cts12873	g	1.582413000000000
PR7594	G	1.582398000000000
cts12874	C	1.582398000000000
PR7595	g	1.582398000000000
PR4057	t	1.582397000000000
PR4058	G	1.582397000000000
PR4059	A	1.582396000000000
pr4060	c	1.582395000000000
PR4061	A	1.582395000000000
PR4062	T	1.582395000000000
PR4063	a	1.582395000000000
CTS12875	G	1.582393000000000
PR7596	g	1.582392000000000
PR4064	T	1.582392000000000
PR4065	g	1.582392000000000
PR4066	C	1.582391000000000
PR4067	C	1.582391000000000
pr4068	C	1.582389000000000
PR7597	C	1.582387000000000
PR7598	G	1.582387000000000
l1315	C	1.582387000000000
PR4069	a	1.582387000000000
PR7599	C	1.582386000000000
PR4070	T	1.582385000000000
PR4071	A	1.582385000000000
PR7600	c	1.582384000000000
pr4072	t	1.582384000000000
PR7601	G	1.582384000000000
pr4073	A	1.582383000000000
pr7602	a	1.582382000000000
PR4074	t	1.582381000000000
L1435	c	1.582357000000000
CTS12876	G	1.582356000000000
L389	G	1.582355000000000
cts12877	G	1.582352000000000
CTS12878	c	1.582347000000000
CTS12879	g	1.582337000000000
cts12880	C	1.582318000000000
cts12881	T	1.582274000000000
CTS12882	g	1.582265000000000
pf3249	c	1.582259000000000
k445	C	1.582247000000000
cts12883	T	1.582240000000000
PF2090	c	1.582231000000000
CTS12884	G	1.582227000000000
CTS12885	a	1.582207000000000
CTS12886	g	1.582203000000000
CTS12887	A	1.582189000000000
CTS12888	a	1.582173000000000
cts12889	c	1.582159000000000
CTS12890	a	1.582142000000000
CTS12891	A	1.582109000000000
CTS12892	A	1.582107000000000
PF5404	G	1.582103000000000
CTS12893	t	1.582073000000000
CTS12894	a	1.582066000000000
Y1268	g	1.582064000000000
CTS12895	G	1.582000000000000
CTS12896	G	1.581998000000000
CTS12897	A	1.581979000000000
CTS12898	T	1.581978000000000
CTS12899	A	1.581978000000000
CTS12900	G	1.581973000000000
CTS12901	T	1.581972000000000
CTS12902	G	1.581970000000000
CTS12903	A	1.581966000000000
CTS12904	a	1.581965000000000
CTS12905	T	1.581935000000000
CTS12906	G	1.581930000000000
CTS12907	A	1.581927000000000
CTS12909	C	1.581862000000000
CTS12910	A	1.581859000000000
F3681	c	1.804866000000000
F3682	G	1.802246000000000
Y660	C	1.598781000000000
CTS12055	a	1.790837000000000
CTS12056	C	1.790814000000000
CTS12057	g	1.790770000000000
cts12058	c	1.790770000000000
CTS12059	t	1.790755000000000
CTS12060	t	1.790750000000000
CTS12061	G	1.790742000000000
CTS12062	c	1.790742000000000
CTS12063	A	1.790718000000000
Z49	G	1.390692000000000
L1163	t	1.590685000000000
CTS12064	C	1.590671000000000
CTS12065	A	1.590668000000000
PF2011	C	1.590667000000000
CTS12066	C	1.390630000000000
CTS12067	G	1.390614000000000
CTS12068	G	1.390596000000000
CTS12069	A	1.390583000000000
CTS12070	G	1.390581000000000
CTS12071	t	1.390578000000000
CTS12072	c	1.390564000000000
cts12073	t	1.390558000000000
cts12074	A	1.390556000000000
cts12075	T	1.390531000000000
cts12076	a	1.390514000000000
cts12077	C	1.390507000000000
cts12078	T	1.390494000000000
cts12079	C	1.390463000000000
cts12080	T	1.390461000000000
CTS12081	T	1.390459000000000
CTS12082	C	1.390457000000000
CTS12083	G	1.390447000000000
CTS12084	t	1.390440000000000
CTS12085	T	1.390438000000000
PF7386	g	1.591436000000000
PF5986	A	1.591431000000000
CTS12086	A	1.590425000000000